model,block,Date,n_obs,parameter_count,r2,r2_ci_low,r2_ci_high,adjusted_r2,rmse,mae,bias
linear,1,2005-01-03,3225,15,-0.03557878902746037,-0.05360966853920598,-0.017547909515714312,-0.0404194502413624,0.011853373368865602,0.007285049983056624,-0.0025514700194012485
linear,2,2005-07-01,3275,15,0.020894628931073966,0.009878769755753454,0.031910488106394255,0.01638816051559877,0.012172099183725183,0.007339670354024266,-7.766361972101455e-05
linear,3,2006-01-02,3250,15,0.033490904379188335,0.022870899677414153,0.04411090908096252,0.029008023601726274,0.014819067878073933,0.009437357233402315,0.0003682221419261408
linear,4,2006-07-03,3250,15,0.007384389678425696,-0.009767354916495052,0.024536134273346444,0.002780421170440639,0.011652156019910626,0.007167218796624441,-0.0003623799474699867
linear,5,2007-01-01,3250,15,-0.008774325134484062,-0.028183612055766347,0.010634961786798222,-0.0134532412993007,0.012270090106596685,0.008179675966722259,-0.0006568597401744647
linear,6,2007-07-02,3275,15,-0.019992193267252434,-0.040138155315175075,0.00015376878067021107,-0.024686848958878294,0.02018339942170747,0.014010080227347422,-0.0036597461599533624
linear,7,2008-01-01,3250,15,0.051278506832906356,0.04073325103698053,0.061823762628832185,0.04687812884975662,0.02613157182955032,0.017943239156741293,0.00045339990889566674
linear,8,2008-07-01,3300,15,-0.04531077599333133,-0.06580096953879565,-0.02482058244786701,-0.05008533800304504,0.0572012129297031,0.03835776101603848,-0.010916799080730764
linear,9,2009-01-01,3225,15,-0.006144445000784815,-0.014674660313251348,0.0023857703116817175,-0.010847519689164864,0.059532505516265107,0.03649671158509321,0.002276865739230161
linear,10,2009-07-01,3300,15,-0.1325311440960475,-0.15797474204528264,-0.10708754614681235,-0.13770409390160188,0.02536986893174593,0.01869162433947129,-0.007815141565036337
linear,11,2010-01-01,3225,15,-0.014038155570630817,-0.027726704490925427,-0.00034960665033620733,-0.018778128251702553,0.025747565534612153,0.01742217239027701,-0.0017514789490534705
linear,12,2010-07-01,3300,15,-0.024658002700947534,-0.03768537163762807,-0.011630633764266558,-0.029338231093308575,0.019410439984104532,0.013503472964520707,-0.0009444838380066452
linear,13,2011-01-03,3225,15,-0.0553522153674062,-0.06989342390232278,-0.04081100683248961,-0.060285304563576725,0.018097533190502453,0.012723542278741513,-0.001053212893037116
linear,14,2011-07-01,3275,15,0.0024156398721552064,-0.009885710586229609,0.014716990330540022,-0.0021758806562024446,0.03474969616100059,0.02361667359650348,-0.0038818680895935137
linear,15,2012-01-02,3250,15,-0.011006933055109469,-0.01913162554673266,-0.002882240563486278,-0.01569620454423326,0.02446135427738279,0.01631519843426928,0.00016474918627295884
linear,16,2012-07-02,3275,15,-0.0177595130727497,-0.03169127564995284,-0.0038277504955470023,-0.022443892543781097,0.01965120026203318,0.012863969668107286,0.0034626552902435985
linear,17,2013-01-01,3225,15,0.022071909162270198,0.008387452140237072,0.03575636618430332,0.01750072768437483,0.017844024358138994,0.012180401931731168,-5.180309984414267e-05
linear,18,2013-07-01,3300,15,-0.08240740374756372,-0.10975038447765177,-0.05506442301747523,-0.0873514083322815,0.01483780583130682,0.010139756821877345,0.004401815480353971
linear,19,2014-01-01,3225,15,-0.03951792151644051,-0.0641769903794773,-0.014858852653403719,-0.044376995627611215,0.013310208912976554,0.009540970299663772,-0.002511354086863881
linear,20,2014-07-01,3300,15,-0.07503448032761639,-0.09516842816518142,-0.05490053249005136,-0.07994480834372908,0.014581839416466466,0.01017143407338065,0.0014551463817562603
linear,21,2015-01-01,3225,15,-0.04601148391460663,-0.0658301050267548,-0.02619286280245846,-0.05090091123112872,0.014784740814129095,0.010272027856241032,0.0010021764996332593
linear,22,2015-07-01,3300,15,-0.03642721009614713,-0.06039510798540276,-0.012459312206891945,-0.041161195525940775,0.01666936037976511,0.01182604268341449,-0.004036122203711462
linear,23,2016-01-01,3250,15,0.006836282156037599,-0.003725575801803124,0.017398140113878323,0.0022297714053698403,0.02771372750766354,0.017295367727505607,-0.001563503848749725
linear,24,2016-07-01,3275,15,-0.1923793794562798,-0.22103335553774583,-0.16372540337481378,-0.1978674711076589,0.019517512681421736,0.013221277231462708,0.00643702150005288
linear,25,2017-01-02,3250,15,-0.022927093727016956,-0.03387094628301129,-0.011983241171022625,-0.027671653530945584,0.013332958743897921,0.00925676531104098,-0.0008961766585939331
linear,26,2017-07-03,3250,15,-0.023675683246858537,-0.03958120139495387,-0.0077701650987632015,-0.02842371517286435,0.010642514909050408,0.007508418440967651,-0.00186322774845084
linear,27,2018-01-01,3250,15,0.044339786535832815,0.030575085999860883,0.058104487071804746,0.03990722524889323,0.013326504482051896,0.009401672651034962,0.0003097322028278667
linear,28,2018-07-02,3275,15,-0.027844908973908122,-0.04662344053326138,-0.00906637741455486,-0.03257570787989428,0.014296775763170302,0.010031673888022896,0.0016808271928214838
linear,29,2019-01-01,3225,15,-0.019544655378279874,-0.03093442366993517,-0.008154887086624579,-0.024310367385345755,0.014402155979961275,0.009625067096515581,-0.0004252372658344986
linear,30,2019-07-01,3300,15,-0.027302781864338987,-0.048154243342214624,-0.006451320386463351,-0.03199509055129557,0.014757020288753305,0.009970039920150702,-0.003100830581787057
linear,31,2020-01-01,3250,15,-0.04248973874240525,-0.06335127505525338,-0.021628202429556664,-0.04732503437664648,0.036621624442278664,0.02434610946473311,-0.0079110804620479
linear,32,2020-07-01,3300,15,-0.0905165034902804,-0.11388765990336769,-0.06714534707719311,-0.09549754720293402,0.02001951199504675,0.014253080526634628,0.004526599235048557
linear,33,2021-01-01,3225,15,-0.05256776245203865,-0.07061254932838625,-0.03452297557569105,-0.05748783613130959,0.01695223708952793,0.011778093639741844,0.0013928908494787486
linear,34,2021-07-01,3300,15,-0.052562927488710276,-0.06912216685078425,-0.036003688126636305,-0.05737061442912772,0.01517300579447535,0.010164817628661319,0.0013052462253214166
linear,35,2022-01-03,3225,15,-0.030435054078185253,-0.043809162624248416,-0.01706094553212209,-0.03525167165723575,0.023468085879972195,0.015536108556546897,-0.0009552453704760967
linear,36,2022-07-01,3275,15,-0.16706172340579895,-0.19406843895667636,-0.14005500785492153,-0.17243328702994343,0.019697810311215327,0.014459159103345531,0.007095200922326491
linear,37,2023-01-02,3250,15,-0.013250338492380331,-0.026537107747159568,3.643076239890318e-05,-0.01795001538705754,0.018541544814981804,0.01216852937722812,0.002164335574289182
linear,38,2023-07-03,3250,15,-0.016504334724776415,-0.03329254854994438,0.00028387910039155,-0.02121910436635699,0.015024630562475076,0.010041613983860158,0.002966093135816419
linear,39,2024-01-01,3250,15,0.015368177201696365,0.004506435922407133,0.026229918480985596,0.010801239248086514,0.014262772387255922,0.00962094318396775,0.0009311698436094512
linear,40,2024-07-01,3300,15,-0.0021783555100911567,-0.01528635679857574,0.010929645778393426,-0.006755905854991084,0.01667002202867351,0.010417740138189344,-0.0008191668938427968
linear,41,2025-01-02,3200,15,0.00719751550925396,-0.014119862916081492,0.028514893934589412,0.0025203681262887523,0.02005880366702905,0.013104576683632106,0.000499854669375014
linear,42,2025-07-01,3275,15,0.02438900433404323,0.013817091942853776,0.0349609167252329,0.01989861926654113,0.013983165407134212,0.009607272377567033,0.0006119197658552568
polynomial,1,2005-01-03,3225,135,-0.2179882565038056,-0.31391504600565356,-0.12206146700195716,-0.27121856230763,0.012854995876198616,0.0087106335714827,-0.0037395398429720048
polynomial,2,2005-07-01,3275,136,-0.1467922919741389,-0.22705457654709987,-0.06653000740117794,-0.19649393369130985,0.01317325651456269,0.008472477457216852,0.0025735966894324313
polynomial,3,2006-01-02,3250,136,-0.034184817578389204,-0.07171714146781002,0.003347506311031624,-0.07936603672090792,0.015329111863712375,0.010223671379119581,0.0015495731900996596
polynomial,4,2006-07-03,3250,136,-0.03710516160187938,-0.09107433517693257,0.016864011973173373,-0.08241396403614076,0.011910421705005506,0.007553261416908393,-0.00022738322513270954
polynomial,5,2007-01-01,3250,136,-0.17731334970961843,-0.24303307653748352,-0.11159362288175333,-0.22874753395648906,0.013255520209716013,0.00885310640519018,-0.0014670176393872618
polynomial,6,2007-07-02,3275,135,-0.5980038467191287,-0.7003416998358639,-0.4956659936023934,-0.6667297209807033,0.025262992963855504,0.017600134850585994,0.0002048679862340147
polynomial,7,2008-01-01,3250,136,-1.0308093511010097,-1.1850754524187221,-0.8765432497832973,-1.1195308646730422,0.03823232779280897,0.02757449524099957,0.016217746493038743
polynomial,8,2008-07-01,3300,136,-5.021069648110764,-5.866050889865206,-4.176088406356322,-5.27995851062833,0.13728381825059002,0.08042703811230051,-0.04750546050995483
polynomial,9,2009-01-01,3225,135,-0.045525094874784955,-0.08046329482534328,-0.010586894924226625,-0.09121816311955544,0.06068637894613485,0.039404324033272396,0.002768682807473581
polynomial,10,2009-07-01,3300,135,-0.33228678271863554,-0.39013054743043224,-0.27444301800683885,-0.38913214165258503,0.02751642485461528,0.020745527921104005,0.0039223877129637135
polynomial,11,2010-01-01,3225,136,-0.37875987081197815,-0.446197004704017,-0.31132273691993884,-0.4394824557959254,0.030022948495413378,0.021257195948151997,-0.0031981498725942347
polynomial,12,2010-07-01,3300,135,-1.7908648160543263,-1.9811387480976055,-1.6005908840110472,-1.9099440670553798,0.03203430542761072,0.025428935625454126,0.020999008355832478
polynomial,13,2011-01-03,3225,135,-0.9483775814757738,-1.229972416779081,-0.6667827461724668,-1.0335284307795063,0.024589926500600615,0.015282398251271138,-0.0021897197012337825
polynomial,14,2011-07-01,3275,135,-0.7805578215895161,-0.8994162072074626,-0.6616994359715697,-0.8571348543753028,0.04642524843693977,0.03299102290486824,-0.01711475985308164
polynomial,15,2012-01-02,3250,135,-0.12202965422524881,-0.15135094957208214,-0.09270835887841547,-0.17067255831015848,0.0257694766304796,0.01842664033486071,0.0011150119975774679
polynomial,16,2012-07-02,3275,135,-0.06935421878550585,-0.09353022685613403,-0.04517821071487767,-0.1153442855379887,0.020143145502402735,0.013829351561888274,-0.002183267539128952
polynomial,17,2013-01-01,3225,135,-0.24140029584949563,-0.3152771755803234,-0.16752341611866783,-0.29565378886978744,0.020104592231213796,0.01476914369822928,0.004704564073056239
polynomial,18,2013-07-01,3300,136,-0.47595493999019545,-0.549119067716901,-0.40279081226348984,-0.5394168027276809,0.017326500519769677,0.012632428214055327,0.0007274051333383662
polynomial,19,2014-01-01,3225,136,-0.09421426988117187,-0.1280294070675986,-0.060399132694745145,-0.14240505378785562,0.013655891849877406,0.0098581430864228,0.0005538674971037517
polynomial,20,2014-07-01,3300,136,-0.13713380674294173,-0.17612332624334628,-0.09814428724253718,-0.18602732483242646,0.014997086620193546,0.010470035811698008,-0.0004128835264968772
polynomial,21,2015-01-01,3225,135,-14.513233956964363,-20.305982922783038,-8.720484991145685,-15.191216017239594,0.0569372726620566,0.0173369841719038,0.008331204928811037
polynomial,22,2015-07-01,3300,135,-2.0410436106125966,-2.270380946535055,-1.8117062746901385,-2.170797367702578,0.02855359904632031,0.020929566015516567,-0.01621364255511208
polynomial,23,2016-01-01,3250,136,-0.1359166404375769,-0.18562573829215828,-0.08620754258299551,-0.18554229514349108,0.02963860443481485,0.0199037570476171,-0.0019246771004796787
polynomial,24,2016-07-01,3275,136,-0.38801046612539913,-0.4599880048471363,-0.31603292740366196,-0.44816643278985246,0.02105782984971341,0.014629068026213178,0.005988292180319632
polynomial,25,2017-01-02,3250,135,-0.15333194655958482,-0.18623076005515693,-0.12043313306401227,-0.20333188643933564,0.014157330000382355,0.01052664267640614,-0.0023025276602815247
polynomial,26,2017-07-03,3250,136,-0.23189156546611578,-0.2765965935729204,-0.18718653735931162,-0.2857101497588854,0.011674796374856024,0.008567800388636788,-0.0017208398783197859
polynomial,27,2018-01-01,3250,135,-1.5833452279924565,-1.8168923981483083,-1.3497980578366047,-1.6953399633100483,0.021910673162334925,0.014789076021659232,-0.0023808113826006795
polynomial,28,2018-07-02,3275,136,-0.17874730573999487,-0.22082798448984947,-0.13666662699014026,-0.22983386838519548,0.015310334087056333,0.010911486369534458,-0.0012112165613019986
polynomial,29,2019-01-01,3225,136,-0.47361570610171944,-0.5969583847122444,-0.35027302749119454,-0.5385158796865102,0.017314761142593994,0.011525995950165261,0.004786613294783273
polynomial,30,2019-07-01,3300,135,-0.3519855848240987,-0.4145162313063664,-0.28945493834183145,-0.4096714425836603,0.016929162465349427,0.012008120288729105,-0.004923949337935841
polynomial,31,2020-01-01,3250,136,-3.7585715885430977,-4.3139585610742195,-3.203184616011974,-3.966462926815459,0.07824201271028713,0.04986568841684709,-0.042883212831255485
polynomial,32,2020-07-01,3300,136,-0.7055862100796013,-0.7868383745700439,-0.6243340455891583,-0.77892156403813,0.025036533857881675,0.018482932277762397,0.010176422119879533
polynomial,33,2021-01-01,3225,135,-0.44730310902614856,-0.511676399862976,-0.38292981818932115,-0.5105552682098746,0.01987841407742159,0.015031877903834378,0.0015051345042897644
polynomial,34,2021-07-01,3300,135,-0.16266724929086007,-0.20223871462326912,-0.12309578395845058,-0.21227536517400347,0.015946864662020107,0.011479184304179909,-0.0002226800449577708
polynomial,35,2022-01-03,3225,135,-1.7540962459133098,-2.025320584097472,-1.482871907729148,-1.8744597917852088,0.03836691794244894,0.02779473927871496,0.01680849656954362
polynomial,36,2022-07-01,3275,136,-0.9228092369973302,-1.0234788806213622,-0.8221395933732981,-1.0061432255988718,0.02528361321930239,0.01969707996800648,0.011969770323788034
polynomial,37,2023-01-02,3250,135,-0.8367242789492222,-0.9535814113726505,-0.7198671465257943,-0.916351054048177,0.02496373247670892,0.018132413308034168,-0.0076640883134284675
polynomial,38,2023-07-03,3250,135,-0.378577589549814,-0.43721788478777684,-0.3199372943118512,-0.43834251395226254,0.017497048339781773,0.01290378092046599,0.004382237181462026
polynomial,39,2024-01-01,3250,135,-0.04340561776159446,-0.07290737825568491,-0.013903857267504007,-0.08863996535241503,0.014682283411207262,0.010580965049073594,-0.0014447326913211006
polynomial,40,2024-07-01,3300,136,-1.3948385544883082,-1.8339640951780039,-0.9557130137986125,-1.4978097980578338,0.02576925036115195,0.013930063196319713,-0.002070528728256265
polynomial,41,2025-01-02,3200,135,-0.8029320775969939,-1.021235416457913,-0.5846287387360745,-0.8823693590838066,0.027031072837654,0.016655840743114946,-0.0037135604186684895
polynomial,42,2025-07-01,3275,136,-0.09775145973706167,-0.11990772723182307,-0.07559519224230028,-0.14532768616288716,0.01483266415397138,0.010404641779214104,6.895222775896879e-05
gaussian,1,2005-01-03,3225,96,0.007100391634626613,-0.0023187405037191824,0.01651952377297263,-0.023372230616996115,0.01160654770769481,0.006910993195030268,-0.001363061473407997
gaussian,2,2005-07-01,3275,96,0.015488777233157336,-0.0009381481857602958,0.03191570265207497,-0.014251020559673755,0.01220565532082728,0.007292239146556436,0.0003974540636705054
gaussian,3,2006-01-02,3250,96,0.02487082654748274,0.00541432388706025,0.044327329207905004,-0.0048191197422227106,0.014885005155694436,0.009525665436762962,0.0005989306149452449
gaussian,4,2006-07-03,3250,96,0.007889945160769685,-0.029006836531377027,0.044786726852916396,-0.02231702130436375,0.011649188324481186,0.00720316848801777,-0.00019335969454633832
gaussian,5,2007-01-01,3250,96,-0.014239859802616106,-0.03674819225605067,0.00826847265081846,-0.045120616713828055,0.012303284851058518,0.0081644310243735,-0.0008878748247020394
gaussian,6,2007-07-02,3275,96,-0.06316935364132759,-0.08082074210091261,-0.04551796518174255,-0.09528523090676733,0.020606162274588766,0.014271706465050358,-0.001352252327878653
gaussian,7,2008-01-01,3250,96,0.031885095797774876,0.018054073336173572,0.04571611825937596,0.002408714318734795,0.026397306610806966,0.018300196806888918,-0.001436010481360383
gaussian,8,2008-07-01,3300,96,-0.07470603344109006,-0.09649834408173215,-0.05291372280044797,-0.10691701664756659,0.05799991641563839,0.03788418446759323,-0.00885321344269547
gaussian,9,2009-01-01,3225,96,-0.03231761947940326,-0.04281585576184547,-0.02181938319696105,-0.06400000166291431,0.06030185387167465,0.0380598848093182,0.0035713613997558516
gaussian,10,2009-07-01,3300,96,-0.07993336908133486,-0.1079775928493214,-0.05188914531334832,-0.11230102547590493,0.024773742946659787,0.01785681569160914,0.00522770145461447
gaussian,11,2010-01-01,3225,96,-0.052721265984641885,-0.07002947429101056,-0.03541305767827321,-0.08502984703787897,0.026234072957103827,0.0179183734995465,-0.0007982178454345061
gaussian,12,2010-07-01,3300,96,-0.06023746641588179,-0.07462754768629024,-0.04584738514547291,-0.09201479915891175,0.019744561143910978,0.013674763354656781,-2.583503571506809e-06
gaussian,13,2011-01-03,3225,96,-0.08061776940383791,-0.10333711264360138,-0.05789842616407445,-0.11378250912978682,0.018312883014030355,0.012733941620208052,0.0029660279959120863
gaussian,14,2011-07-01,3275,96,0.00879823257123491,-0.0010121951790996644,0.018608660321569485,-0.021143671038948098,0.034638352666575965,0.023359035050470885,-0.0008474204665271797
gaussian,15,2012-01-02,3250,96,-0.004607936640560917,-0.020694378797183305,0.011478505516061027,-0.03519542852685764,0.02438381940613101,0.01647168322608224,0.0016439094264593557
gaussian,16,2012-07-02,3275,96,-0.010507642374722126,-0.0247526288902905,0.0037373441408462497,-0.04103273163462551,0.01958106447652624,0.01284585628532394,0.001691436819714083
gaussian,17,2013-01-01,3225,96,0.04294154628834401,0.024530830891187485,0.061352261685500536,0.013568908322768913,0.01765259586215873,0.012136027162073218,0.0012701364544930541
gaussian,18,2013-07-01,3300,96,-0.06187341412089853,-0.08755387557928546,-0.0361929526625116,-0.09369977932714457,0.014696390402388812,0.009903274929926695,0.003743487897453335
gaussian,19,2014-01-01,3225,96,0.013288575008144954,-0.0009088252820222201,0.02748597529831235,-0.016994128572167755,0.012967730013629776,0.009067442285241135,-0.0005152774045937037
gaussian,20,2014-07-01,3300,96,-0.036683179091722584,-0.054470253359017465,-0.018896104824428148,-0.0677545450588799,0.014319377556606677,0.009676187308170806,-0.0009096466863272092
gaussian,21,2015-01-01,3225,96,-0.009672395836618497,-0.02239900236572858,0.0030542106924915883,-0.040659783944136274,0.014525655189479797,0.010052543984699349,0.0002863106343728582
gaussian,22,2015-07-01,3300,96,-0.0053644597531257165,-0.021435304696489767,0.01070638519023789,-0.03549714415409366,0.016417661494012897,0.011414982296502292,-0.0024709113943042317
gaussian,23,2016-01-01,3250,96,-0.007910602563990787,-0.023679077117344925,0.00785787198936335,-0.03859865135756624,0.02791872150592222,0.0179173022895357,-0.001948532079807407
gaussian,24,2016-07-01,3275,96,-0.034405010309359385,-0.04671591318927566,-0.022094107429442664,-0.06565198355973667,0.018178688567616532,0.011681340548830082,0.002694507288526982
gaussian,25,2017-01-02,3250,96,-0.021992075185460758,-0.03045620901494258,-0.013527941355978934,-0.053108865295769636,0.013326863776905243,0.009220224733392244,-0.0005288242339614156
gaussian,26,2017-07-03,3250,96,-0.0009788662926759617,-0.015546656339671745,0.013588923754319821,-0.03145586317313809,0.010523871289738314,0.0073435260396959605,-0.0016574304163161453
gaussian,27,2018-01-01,3250,96,0.025363062097502165,0.011635184729057075,0.03909093946594748,-0.0043118970013369395,0.013458167532336317,0.009220003075439992,-0.0011755535557705118
gaussian,28,2018-07-02,3275,96,0.0004940803903117352,-0.010989808243816327,0.011977969024439797,-0.029698672373228208,0.014098308068539176,0.00954792439991272,-1.5364925508138728e-06
gaussian,29,2019-01-01,3225,96,-0.003643441803633296,-0.011221175877404182,0.003934292270137146,-0.03444579807382153,0.014289403817546576,0.009431568999491059,0.0004470833690436793
gaussian,30,2019-07-01,3300,96,-0.05055084186079051,-0.06514530610991923,-0.03595637761166178,-0.08203784804831349,0.014923063255041285,0.009855559836858678,-0.001250103462726024
gaussian,31,2020-01-01,3250,96,-0.004585558077605079,-0.016170256335634223,0.006999140180424067,-0.03517236859947315,0.035949692121484716,0.023129600894365818,-0.004159338296087338
gaussian,32,2020-07-01,3300,96,-0.10103656054937504,-0.13271172908451304,-0.0693613920142366,-0.134036719716637,0.020115842917401254,0.014783624105423282,-0.0014953408420691676
gaussian,33,2021-01-01,3225,96,-0.04455276821894416,-0.06121525971600319,-0.02789027672188469,-0.07661065368857933,0.016887570598033714,0.011793758170694604,0.00020084004456595876
gaussian,34,2021-07-01,3300,96,-0.08228850161153822,-0.10139517301628884,-0.06318183020678761,-0.11472674580595199,0.015385765578051817,0.010351981159541347,-0.00023741447028312513
gaussian,35,2022-01-03,3225,96,-0.023816393936258784,-0.04400618403650665,-0.003626603836010916,-0.05523786894197524,0.023392594701905176,0.016031647930744727,0.00305388076045092
gaussian,36,2022-07-01,3275,96,-0.16586356037748407,-0.19347800600842857,-0.13824911474654,-0.20108159115037227,0.019687696343707393,0.013904012774862215,0.005001645368113301
gaussian,37,2023-01-02,3250,96,-0.05221742875835966,-0.06696715013679405,-0.037467707379925275,-0.08425449604691115,0.018894712232615383,0.012621440141865326,-5.556915504738778e-05
gaussian,38,2023-07-03,3250,96,0.007665574335308123,-0.005235905029089749,0.02056705369970622,-0.0225482235916854,0.014844932033258615,0.009946110256265218,0.0007981741044694758
gaussian,39,2024-01-01,3250,96,0.017860119262798846,0.005706369318076913,0.030013869207521,-0.01204328338571714,0.01424471258162799,0.009633244452880042,0.0008227424768355629
gaussian,40,2024-07-01,3300,96,-0.014429461489705142,-0.03418862052506256,0.005329697545652275,-0.04483384122839129,0.016771603674195824,0.010610382754162033,-0.0013253154812335444
gaussian,41,2025-01-02,3200,96,-0.013717772393226468,-0.031337781203652645,0.003902236417199712,-0.04507997224812477,0.020268991016467928,0.013016280179447148,0.0020181074603933353
gaussian,42,2025-07-01,3275,96,0.00577533316226464,-0.007101347008696088,0.018652013333225366,-0.024257885219240327,0.01411592748498335,0.009771698450359582,-0.0003659020011705161
