block,train_start,validation_start,active_start,active_end,linear_transformed_feature_count,linear_lambda,linear_validation_rmse,linear_validation_mae,linear_validation_bias,linear_gamma,linear_mean_daily,linear_vol_daily,linear_sharpe_annualized,linear_cumulative_return,linear_max_drawdown,linear_n_days,linear_utility,linear_optimizer_failures,linear_mve_device,linear_allocation_method,polynomial_transformed_feature_count,polynomial_lambda,polynomial_coef0,polynomial_validation_rmse,polynomial_validation_mae,polynomial_validation_bias,polynomial_gamma,polynomial_mean_daily,polynomial_vol_daily,polynomial_sharpe_annualized,polynomial_cumulative_return,polynomial_max_drawdown,polynomial_n_days,polynomial_utility,polynomial_optimizer_failures,polynomial_mve_device,polynomial_allocation_method,gaussian_transformed_feature_count,gaussian_lambda,gaussian_kernel_gamma,gaussian_components,gaussian_validation_rmse,gaussian_validation_mae,gaussian_validation_bias,gaussian_gamma,gaussian_mean_daily,gaussian_vol_daily,gaussian_sharpe_annualized,gaussian_cumulative_return,gaussian_max_drawdown,gaussian_n_days,gaussian_utility,gaussian_optimizer_failures,gaussian_mve_device,gaussian_allocation_method
1,2003-01-01,2004-07-01,2005-01-03,2005-06-30,15,10.0,0.011468675492756191,0.007298616438504929,-0.0016908870397786006,0.01,0.0012128299026090167,0.0056864663618659255,3.3857718668082084,0.17362065471759933,-0.034730426326206376,132,0.0011643260530820676,0,cpu,constrained_regularized_mve,135,10.0,0.0,0.01444210059853966,0.010482255013852233,-0.005772098278407767,0.01,0.0013237461798916825,0.005778811592328302,3.6363565086094876,0.19092997765718295,-0.0336577087600497,132,0.0012736541847622406,0,cpu,constrained_regularized_mve,96,10.0,0.01,96,0.01139731716517527,0.0071952767966705,-0.0009652719632043856,0.01,0.001200662324944107,0.0056900412284078645,3.3496986677429677,0.1717371917550531,-0.03708391891782936,132,0.001152097471172635,0,cpu,constrained_regularized_mve
2,2003-07-01,2005-01-03,2005-07-01,2005-12-30,15,10.0,0.01197622398215559,0.007415351318767153,0.002708823312522567,1e-06,0.00037828361266559066,0.005622630943050472,1.0680171339375621,0.05000884299488785,-0.03637360132037759,129,0.0003308626445829677,0,cpu,constrained_regularized_mve,136,10.0,1.0,0.013325010628904477,0.009359063715613299,0.004919214988182385,1e-06,0.00011612763610607162,0.005818510742326515,0.31682833537808647,0.015093234634246125,-0.03864295588647182,129,6.534503521821804e-05,0,cpu,constrained_regularized_mve,96,10.0,0.01,96,0.011597887203223427,0.006883072920115513,0.0012741593875082212,1e-06,0.0003910889759890343,0.005490020359587492,1.1308418947761163,0.051744777457988,-0.035589502671983686,129,0.00034587849066600656,0,cpu,constrained_regularized_mve
3,2004-01-01,2005-07-01,2006-01-02,2006-06-30,15,10.0,0.012192134641978068,0.0073483743398707205,-0.00011537947929491948,0.001,0.0009719498786683738,0.005971842054936008,2.5836627715065803,0.1357865813341328,-0.03260491191891224,131,0.0009184555323747204,0,cpu,constrained_regularized_mve,136,10.0,1.0,0.013450953872974673,0.008691050684087348,-0.0025092830048308967,1e-06,0.0010767618603241141,0.005757201702211344,2.9689883221176325,0.1514889035360364,-0.03630669761969829,131,0.0010270438031641962,0,cpu,constrained_regularized_mve,96,1.0,0.01,96,0.012212630788799616,0.007426182494777772,-0.0003604052432738684,1e-06,0.0009619673288436607,0.005910852958963287,2.583511725795809,0.1343022680301943,-0.032808641061509936,131,0.0009095600547899331,0,cpu,constrained_regularized_mve
4,2004-07-01,2006-01-02,2006-07-03,2006-12-29,15,10.0,0.014878421293203898,0.009531224893271592,-0.0011935926316522301,1e-06,0.001815763198643276,0.009683455134273518,2.976659341182788,0.2662366275118958,-0.04782100478158813,130,0.0016751092436370438,0,cpu,constrained_regularized_mve,136,10.0,1.0,0.015794497403227727,0.010914680451478039,0.0012348872188374866,0.01,0.0015893026050906858,0.0094686486214197,2.6645192693611106,0.22950215898874685,-0.059352472944535384,130,0.001454819645016816,0,cpu,constrained_regularized_mve,96,1.0,0.01,96,0.014788321949826906,0.009484143022005417,-0.0009003472578161143,0.001,0.0016168933225844434,0.009584985475466934,2.677874247610777,0.2339200473529682,-0.05576342880141105,130,0.0014790854027370752,0,cpu,constrained_regularized_mve
5,2005-01-03,2006-07-03,2007-01-01,2007-06-29,15,10.0,0.011654823678570072,0.007192938593297071,0.00039388641012396173,0.0001,0.0011685295942040312,0.0064257539157662105,2.8867946825328508,0.16405412485732893,-0.049396093678495956,130,0.001106594124125054,0,cpu,constrained_regularized_mve,136,10.0,1.0,0.012071294418006195,0.007683522400694845,0.00013643391505011347,0.001,0.0011186599892012428,0.006793100028173043,2.614149169707438,0.15653191510658082,-0.05173088988640384,130,0.0010494406772120959,0,cpu,constrained_regularized_mve,96,10.0,0.1,96,0.011574024339562835,0.007153874707458077,-0.00019284078472759115,0.001,0.001076975125796495,0.006587089181267087,2.595448404582176,0.150281582042755,-0.040655285456206114,130,0.0010118905099735461,0,cpu,constrained_regularized_mve
6,2005-07-01,2007-01-01,2007-07-02,2007-12-31,15,10.0,0.012306208220009721,0.008245885795420606,0.00111141142538,0.001,0.0004948769695371343,0.007306776284473992,1.0751565450969336,0.06644853953497949,-0.06793289150363269,130,0.00041479350003010694,0,cpu,constrained_regularized_mve,135,10.0,0.0,0.013664379926142691,0.00899179798429794,0.0017498243413565297,0.01,0.00033338056772488266,0.0075613072801712315,0.6999123628698168,0.04429234457895721,-0.0838946213900289,130,0.00024762051604712695,0,cpu,constrained_regularized_mve,96,10.0,0.05,96,0.01212663944203193,0.008118115416246996,0.0011393675049257551,0.001,0.0005834015231578472,0.007168823963486473,1.2918732717950072,0.07879232514967689,-0.06440362952174195,130,0.0005063134676286604,0,cpu,constrained_regularized_mve
7,2006-01-02,2007-07-02,2008-01-01,2008-06-30,15,0.01,0.020141673337841996,0.013905381346656937,0.003057881696254834,0.01,-0.00044779578341600586,0.013979809516153248,-0.5084860189374438,-0.05697383259287027,-0.13980997411243234,131,-0.0007409483945778992,0,cpu,constrained_regularized_mve,136,10.0,1.0,0.026242883366490305,0.01844226911116593,-0.0003943667096523455,0.001,-0.0002117962567312256,0.014358859366365181,-0.2341523973294808,-0.027363943706844883,-0.13848132394996304,131,-0.0005210615201858052,0,cpu,constrained_regularized_mve,96,10.0,0.01,96,0.020247974361910902,0.013951386371367567,0.0014267512843606923,0.001,-0.00020770487350467301,0.014030011125938345,-0.23501140652990324,-0.026842499062811314,-0.14110272346984765,131,-0.0005029666917956036,0,cpu,constrained_regularized_mve
8,2006-07-03,2008-01-01,2008-07-01,2008-12-31,15,0.01,0.02608916929981581,0.017931811553863437,-0.0005156943735578574,0.0001,0.001421958143858362,0.019438740416404587,1.1612319140443825,0.20304345520081474,-0.15079518252675117,130,0.0008551612003938201,0,cpu,constrained_regularized_mve,136,10.0,1.0,0.04534387747878225,0.030916448217002967,-0.01511605955658323,0.001,0.0005719048056286957,0.01908283566211775,0.475752529473392,0.07718119524290346,-0.16455207329901245,130,2.5672880267606332e-05,0,cpu,constrained_regularized_mve,96,10.0,0.01,96,0.02641034190668216,0.01838834744337557,0.0014393541327625532,0.001,0.00036293932728417963,0.019545785672960364,0.2947685655821218,0.04831290262976423,-0.18013923474777582,130,-0.00021011727907577432,0,cpu,constrained_regularized_mve
9,2007-01-01,2008-07-01,2009-01-01,2009-06-30,15,10.0,0.056391948399132384,0.03739446735339595,0.007739849624649399,0.0001,-0.000422463022759567,0.038509789046946595,-0.17414773604391764,-0.05423874885155201,-0.4965410390048095,132,-0.0026469688014200588,0,cpu,constrained_regularized_mve,135,10.0,0.0,0.1449202797628669,0.08551568696016129,0.05675363650259714,0.001,-0.0003255700586262669,0.03853722769663848,-0.13411095622671745,-0.04206489916646242,-0.49626914867725846,132,-0.002553246936440107,0,cpu,constrained_regularized_mve,96,10.0,0.2,96,0.05618392195615718,0.03621286015826883,0.003177158573199697,0.001,-0.0010998589073672612,0.03576083326517782,-0.4882357954986309,-0.13513458674834988,-0.40790354472931656,132,-0.0030181147010970343,0,cpu,constrained_regularized_mve
10,2007-07-02,2009-01-01,2009-07-01,2009-12-31,15,10.0,0.05955529182949688,0.036566135259169255,-0.0020478508645934887,0.0001,0.00439720387746446,0.04027099876434248,1.73334284434798,0.7633921291206822,-0.3767110069859845,129,0.0019645738652479495,0,cpu,constrained_regularized_mve,135,10.0,0.0,0.06045541879481225,0.03979228529113738,-0.003025492271840383,1e-06,0.003902933817182751,0.03843919161953592,1.6118224908603207,0.6544662717680836,-0.42109205038503483,129,0.0016865766386376505,0,cpu,constrained_regularized_mve,96,10.0,0.05,96,0.059156486445532494,0.037727861393636444,-0.0012211964028489173,0.01,0.004638225128503783,0.0420631933595718,1.7504505817971787,0.8190802961447889,-0.36558417751536154,129,0.0019842567750966954,0,cpu,constrained_regularized_mve
11,2008-01-01,2009-07-01,2010-01-01,2010-06-30,15,10.0,0.025120753329661193,0.01827217063370551,0.006660105474826508,0.001,0.00028452558643923755,0.015410254375059197,0.2930972812121964,0.038271568706243535,-0.1709553758197374,132,-7.168832341680916e-05,0,cpu,constrained_regularized_mve,136,10.0,1.0,0.029869750357548304,0.022583151118627583,-0.008256124628793752,0.001,0.00030668386062443655,0.015727399254138626,0.3095524745895668,0.041312846648068925,-0.16866966011064122,132,-6.434277032418378e-05,0,cpu,constrained_regularized_mve,96,10.0,0.01,96,0.024164010619162984,0.016907752241206955,0.0001100530888885771,0.01,0.00024097776380950194,0.015125162720043172,0.25291651257074865,0.032320380211993065,-0.18535705811220016,132,-0.0001021780571521737,0,cpu,constrained_regularized_mve
12,2008-07-01,2010-01-01,2010-07-01,2010-12-31,15,0.01,0.025798322026654222,0.017531801720255726,0.001507666794511417,0.0001,-0.001970110831795066,0.017154067972768503,-1.8231558803797066,-0.22442012011217727,-0.29345541098385874,129,-0.0024115039038166094,0,cpu,constrained_regularized_mve,135,10.0,0.0,0.035983846958457875,0.025096881327222726,0.005793616991873355,0.001,-0.002220727297072472,0.01744258017192597,-2.0210859058121766,-0.24909326398082612,-0.3151632029099902,129,-0.0026770927016535697,0,cpu,constrained_regularized_mve,96,10.0,0.01,96,0.02621133250207805,0.017852434435749333,0.0014837615955958165,1e-06,-0.0022587735304964818,0.017070616975973982,-2.100505109377191,-0.2527696581074433,-0.3115145647538161,129,-0.0026958824764070984,0,cpu,constrained_regularized_mve
13,2009-01-01,2010-07-01,2011-01-03,2011-06-30,15,0.01,0.0221118757903217,0.016115769319698502,-0.008894615135361515,0.01,0.000522049000742147,0.013115833331072007,0.6318524153008294,0.07134028572079781,-0.14880593742020332,132,0.0002640113747894579,0,cpu,constrained_regularized_mve,135,10.0,0.0,0.03717596089113979,0.028413764572928258,-0.018175804082987457,0.01,0.0003495936568030182,0.013343066611790716,0.4159184253831667,0.04722767480851175,-0.16673047255886275,132,8.253751689299194e-05,0,cpu,constrained_regularized_mve,96,10.0,0.01,96,0.019850268501923767,0.013731147373310222,-0.00249113484409585,0.0001,0.0005872378491386001,0.013351578542680717,0.6982029747112977,0.08059886932393084,-0.14975018193659173,132,0.0003198408747665419,0,cpu,constrained_regularized_mve
14,2009-07-01,2011-01-03,2011-07-01,2011-12-30,15,0.01,0.017800369222551893,0.012251797767126857,-0.0018618969757650168,0.01,0.0010149301136113764,0.011291544344851842,1.4268655890018385,0.13988340932680585,-0.08980723818830605,129,0.000823681653073743,0,cpu,constrained_regularized_mve,135,10.0,0.0,0.020352987320455852,0.015014064156694627,-0.0026749510850998227,1e-06,0.0013072735672881527,0.011960330290141298,1.7350962744350034,0.18369190849410888,-0.08537511504689399,129,0.0010926993163142456,0,cpu,constrained_regularized_mve,96,10.0,0.01,96,0.01761008395541837,0.012176525112141342,-0.00279718272578385,1e-06,0.0012861201942815426,0.011382648420095821,1.7936533210669396,0.18046627066791546,-0.07785452827547279,129,0.0010917731666982779,0,cpu,constrained_regularized_mve
15,2010-01-01,2011-07-01,2012-01-02,2012-06-29,15,1.0,0.03475963627473439,0.02378161646178444,0.0017892102057445159,0.01,-9.035773345857292e-05,0.0275804170474182,-0.05200735536779482,-0.011767083016316245,-0.24015894879093647,131,-0.0012313768402228476,0,cpu,constrained_regularized_mve,135,10.0,0.0,0.046544921491624515,0.0328775389707286,0.014827974312936825,0.01,0.000863759182670707,0.02843651726844201,0.4821881600524795,0.11980263712897735,-0.18762034653157267,131,-0.0003491940888668939,0,cpu,constrained_regularized_mve,96,10.0,0.05,96,0.03437295873587133,0.02363068533412204,0.0020883506733110195,0.01,0.0006882518264898026,0.02622096065036137,0.4166765352099101,0.09435044820449304,-0.19926552412902954,131,-0.00034305633965189646,0,cpu,constrained_regularized_mve
16,2010-07-01,2012-01-02,2012-07-02,2012-12-31,15,10.0,0.025094607605392415,0.01731366543905943,-0.006100776216514927,0.001,0.0016682928065697067,0.016527028807927256,1.602425190220866,0.24219262596368682,-0.18488067599446223,130,0.0012585787847426205,0,cpu,constrained_regularized_mve,135,10.0,0.0,0.026511228847363354,0.019478346756812325,-0.0008073980905899257,0.001,0.0011864304083976194,0.01564436246146828,1.2038840762873604,0.16676615638368375,-0.2719055539697095,130,0.0008193112931589226,0,cpu,constrained_regularized_mve,96,10.0,0.05,96,0.024320734322646424,0.016392873388272593,-0.0016328762689838832,0.001,0.0018820541510945784,0.017424544823434335,1.7146320738511893,0.27719598676778134,-0.20324062488439287,130,0.00142663200763877,0,cpu,constrained_regularized_mve
17,2011-01-03,2012-07-02,2013-01-01,2013-06-28,15,10.0,0.01992685226920024,0.013280579261737627,-0.004253697526865915,0.01,0.001980919073432334,0.013205166306719984,2.3813494418374783,0.29628230043515913,-0.09556922191547335,131,0.0017193544476501348,0,cpu,constrained_regularized_mve,135,10.0,0.0,0.020583350183634067,0.014427947485543628,0.002141959411218332,0.01,0.0014366614281512875,0.01269190512483025,1.7969164532994573,0.2070781014284642,-0.08839180075097952,131,0.001195034744604749,0,cpu,constrained_regularized_mve,96,10.0,0.01,96,0.019322655816916872,0.012431191660168475,-0.001027919383397779,0.01,0.0018013300560375195,0.012789982556715351,2.2357519267697565,0.2661416905699705,-0.09910235986135663,131,0.001555954575335895,0,cpu,constrained_regularized_mve
18,2011-07-01,2013-01-01,2013-07-01,2013-12-31,15,10.0,0.018012090286802996,0.012536753796936936,-0.0014867459896916646,1e-06,0.0011866073398718675,0.01143987142434924,1.646592592904137,0.1654092895763495,-0.06412597502974193,129,0.000990301352563404,0,cpu,constrained_regularized_mve,136,10.0,1.0,0.025108071452921547,0.018127076830002038,-0.005513477124894896,0.001,0.0011015362594293306,0.011451954302846698,1.5269311728807118,0.15268981114708957,-0.06315530322627483,129,0.0009048153733975971,0,cpu,constrained_regularized_mve,96,10.0,0.01,96,0.017854221104014308,0.012428482283728512,-0.002122511150508064,1e-06,0.0011340088116782,0.011103927356196825,1.6212130378799716,0.1575285092615191,-0.08094761382220139,129,0.0009490630075806557,0,cpu,constrained_regularized_mve
19,2012-01-02,2013-07-01,2014-01-01,2014-06-30,15,10.0,0.015862907371564604,0.011285003236312428,-0.007099635888093695,1e-06,0.0016891072323300743,0.008558550621262562,3.1329774436550895,0.24977327475592126,-0.03795591009291788,132,0.0015792340492250035,0,cpu,constrained_regularized_mve,136,10.0,1.0,0.01690369717553041,0.012440630427820159,-0.0009346984934145841,1e-05,0.0017612883501782388,0.008873524246308103,3.150899799649952,0.26173790742739106,-0.049725591734489205,132,0.001643179201353512,0,cpu,constrained_regularized_mve,96,10.0,0.01,96,0.014290374956098206,0.009545138415024898,-0.0022260428861977243,0.001,0.0017699375455632836,0.008967854825610522,3.1330667184552916,0.2631792483904031,-0.04219917459053668,132,0.0016493039153034448,0,cpu,constrained_regularized_mve
20,2012-07-02,2014-01-01,2014-07-01,2014-12-31,15,0.01,0.013149518807649288,0.009341437733999926,0.0010387333124315284,0.0001,0.0006313811320968739,0.007954024778052092,1.26009976431266,0.08485698369364006,-0.05176819758873796,129,0.000536481366842074,0,cpu,constrained_regularized_mve,136,10.0,1.0,0.014193225876149655,0.010609082349471976,-0.00134945118317671,0.001,0.0006654109997649533,0.007517401104483116,1.405149466329541,0.08962981464953727,-0.04787753083563917,129,0.0005806440207164273,0,cpu,constrained_regularized_mve,96,10.0,0.01,96,0.013006440822737322,0.009106572932418823,0.0006821938958027285,0.0001,0.0005860660028339898,0.00792813545345918,1.1734801236463737,0.07853378725794646,-0.053377449554583345,129,0.0004917830051813952,0,cpu,constrained_regularized_mve
21,2013-01-01,2014-07-01,2015-01-01,2015-06-30,15,10.0,0.014371560070092756,0.009755151904350915,0.0006519477070984672,0.001,0.0006781744311016703,0.009468425133471986,1.137009079075718,0.09364813966685114,-0.06447376932423299,132,0.0005436978193394243,0,cpu,constrained_regularized_mve,135,10.0,0.0,0.015726059045109386,0.01087447746817587,0.00135227491973869,0.01,0.0003321590421422565,0.009438586868414636,0.5586494462454066,0.044820388449897115,-0.08799225156455814,132,0.00019852865903334266,0,cpu,constrained_regularized_mve,96,10.0,0.01,96,0.014206763937833771,0.009544217874523893,0.0007597111518142333,0.0001,0.0003836528390480122,0.009857101615944617,0.6178591079529968,0.051946412946500195,-0.0848526942442428,132,0.00023790916064742528,0,cpu,constrained_regularized_mve
22,2013-07-01,2015-01-01,2015-07-01,2015-12-31,15,10.0,0.014634799385501199,0.010099646080915068,0.0001418217294799038,0.0001,0.0015344453960971477,0.009022890676760749,2.699640989070604,0.21889347087831992,-0.043583600871411554,129,0.0014123265618499836,0,cpu,constrained_regularized_mve,135,1.0,0.0,0.03299123546210427,0.017596523703626767,0.0007690045939323703,1e-05,0.0016066750149931618,0.009405137775701773,2.7118342944565934,0.23030373378178273,-0.04251157861134991,129,0.0014739900901232631,0,cpu,constrained_regularized_mve,96,10.0,0.01,96,0.01452432364757153,0.01002276093359735,0.00020976257044566025,1e-05,0.0014668148866305926,0.00921487121103104,2.5268898417676717,0.20830568787324355,-0.045407962055069584,129,0.0013394441094767597,0,cpu,constrained_regularized_mve
23,2014-01-01,2015-07-01,2016-01-01,2016-06-30,15,10.0,0.016956178271556065,0.012086786626339935,0.0045212183849855404,1e-06,0.0005276051200842493,0.012215235528154995,0.6856578090384805,0.07212630319303717,-0.08776426318027397,132,0.0003037871515717992,0,cpu,constrained_regularized_mve,136,10.0,1.0,0.023268100284755316,0.016952421745620436,0.01020290171343564,0.0001,-2.0294449527468735e-05,0.01201300506763941,-0.026817969097145622,-0.00267528237444767,-0.11989942852698587,132,-0.00023676288566016395,0,cpu,constrained_regularized_mve,96,10.0,0.05,96,0.016348929875417906,0.011258113140580485,0.0013696057499577277,1e-06,3.95327984738046e-05,0.012301222586785204,0.0510163697896903,0.0052319685936818875,-0.12344124983249605,132,-0.0001874473172206471,0,cpu,constrained_regularized_mve
24,2014-07-01,2016-01-01,2016-07-01,2016-12-30,15,0.01,0.027697100358526985,0.01733598852545776,0.0015027110442754426,1e-06,0.0006652700396948368,0.021542188277480463,0.4902396331503429,0.090335127229922,-0.12908362577247556,130,-3.0828773978788175e-05,0,cpu,constrained_regularized_mve,136,10.0,1.0,0.03416677218972569,0.021467276356349204,0.000991089415582887,0.001,0.00022712330978905988,0.021522447866792038,0.1675214078901058,0.029966245425069347,-0.12620544006080148,130,-0.0004677003334791118,0,cpu,constrained_regularized_mve,96,10.0,0.01,96,0.027721246102073483,0.017342264316028335,0.0018532838055479507,0.0001,0.0006128058920074393,0.02159172951200978,0.45054250739061064,0.08292397383993665,-0.1273689047630746,130,-8.649828297225182e-05,0,cpu,constrained_regularized_mve
25,2015-01-01,2016-07-01,2017-01-02,2017-06-30,15,10.0,0.019168104340862097,0.012859454510814031,-0.0055639173107068325,1e-06,0.002860957856726322,0.012079283389370117,3.759850360160605,0.4546793222176123,-0.04895648469798575,131,0.002642094225925253,0,cpu,constrained_regularized_mve,135,10.0,0.0,0.02211076101187585,0.015816200407356817,-0.006318390646393258,0.01,0.002742691719113888,0.01172072604680575,3.714691487223613,0.43231585765434244,-0.04578669014351722,131,0.002536628590517482,0,cpu,constrained_regularized_mve,96,10.0,0.01,96,0.018218847000379155,0.01175069691598312,-0.002757674444012312,0.0001,0.0027548652826488236,0.012011359747528172,3.640897576916416,0.4346018467858684,-0.04866368350181405,131,0.0025384561381720135,0,cpu,constrained_regularized_mve
26,2015-07-01,2017-01-02,2017-07-03,2017-12-29,15,10.0,0.013265310881187794,0.009139964400660625,0.0004463205067225497,0.01,0.0007399020466187035,0.00845313727780797,1.389493684225446,0.10096521810960936,-0.06349742598415176,130,0.0006327187518625035,0,cpu,constrained_regularized_mve,136,10.0,1.0,0.015323808641084579,0.011337570009686116,0.0018403773833699634,0.01,0.0010519768475384318,0.00875920948840386,1.906520761218771,0.14654949187797248,-0.06513726767929351,130,0.0009368912212458155,0,cpu,constrained_regularized_mve,96,10.0,0.01,96,0.013318988346887035,0.009186442576794686,0.0003247053615385233,0.01,0.0007774921986058659,0.008556300426493585,1.4424816109316658,0.10635849357444158,-0.06332632270535965,130,0.0006676767831232444,0,cpu,constrained_regularized_mve
27,2016-01-01,2017-07-03,2018-01-01,2018-06-29,15,0.01,0.010596156153012735,0.0073838469752360815,0.0012555282274112954,1e-06,0.0006024234530037265,0.0064320977163698076,1.4867895771025903,0.08146331882365875,-0.06153285661016161,130,0.000540365631454332,0,cpu,constrained_regularized_mve,135,10.0,0.0,0.013794534756302384,0.010182289340028327,0.0005733607300974497,0.01,0.0002535709532946858,0.0064578018936994,0.6233257320406816,0.03351356352454435,-0.08205606554894551,130,0.00019101614534728446,0,cpu,constrained_regularized_mve,96,10.0,0.01,96,0.010573707250905106,0.0073192078838637655,0.0014304644256482504,0.001,0.0005679500663863711,0.0063803950252192855,1.4130673353184604,0.07662754137957153,-0.062218967089159416,130,0.0005068859053696066,0,cpu,constrained_regularized_mve
28,2016-07-01,2018-01-01,2018-07-02,2018-12-31,15,0.1,0.013794651375748337,0.009563971019876423,-0.00046680812092673855,0.01,-0.00090107645772834,0.009220266245461295,-1.5513809401617245,-0.11053928623789834,-0.17967414742545518,130,-0.0010285964221841293,0,cpu,constrained_regularized_mve,136,10.0,1.0,0.019381564824178014,0.013287676643049579,-0.00048643559839155247,0.01,-0.0010804482631154263,0.00958953780813463,-1.7885725876695762,-0.1310400777800878,-0.19956876527876544,130,-0.0012183871161758916,0,cpu,constrained_regularized_mve,96,10.0,0.01,96,0.013854359113334965,0.009409698379225869,0.001396046076416063,0.0001,-0.0012067259560670294,0.009509739621174868,-2.0143748877735796,-0.1451885616323118,-0.20745116814485065,130,-0.0013423786775608442,0,cpu,constrained_regularized_mve
29,2017-01-02,2018-07-02,2019-01-01,2019-06-28,15,10.0,0.014412949565384504,0.01016943854318754,-0.0015675026406803403,1e-06,-0.0013022463329739882,0.00963471161274458,-2.145629312809401,-0.1568363988299376,-0.19984734592992137,131,-0.0014414878347651212,0,cpu,constrained_regularized_mve,136,10.0,1.0,0.01642113613630544,0.011797913222636578,0.00038983711805593485,0.01,-0.0016180764657773206,0.00962352045638224,-2.6691030274023864,-0.19100942891543798,-0.2293616557440259,131,-0.0017569946847389318,0,cpu,constrained_regularized_mve,96,10.0,0.01,96,0.014164273376010327,0.009621447441703084,6.376390419666763e-05,0.001,-0.0012255410665332758,0.009849530805971519,-1.9752069092944489,-0.14832125210338926,-0.20522003333357652,131,-0.0013710609521799487,0,cpu,constrained_regularized_mve
30,2017-07-03,2019-01-01,2019-07-01,2019-12-31,15,10.0,0.014498859033037216,0.009813619722962231,0.0009900715751822015,1e-06,0.0007850797237268761,0.010675150278832412,1.1674546891162605,0.10658122434306974,-0.0950506936617671,129,0.0006141414735133926,0,cpu,constrained_regularized_mve,135,10.0,0.0,0.01595850457150432,0.01126675624192252,-0.004135283959596038,0.01,0.00029811294425380753,0.01076528454817764,0.4395978812682777,0.03920559448017913,-0.10526100066962751,129,0.00012427591714895913,0,cpu,constrained_regularized_mve,96,1.0,0.05,96,0.014251569609929425,0.009970601662397062,-0.0023507866804024324,0.01,0.0005627175495237849,0.010786651049360317,0.8281406458401557,0.07529018414103603,-0.1000356713187871,129,0.00038818978823278584,0,cpu,constrained_regularized_mve
31,2018-01-01,2019-07-01,2020-01-01,2020-06-30,15,10.0,0.014652808987674685,0.00980163751073899,0.0025408468162851205,1e-05,0.001080165546750185,0.00991992245078878,1.7285514633759225,0.15324747290360963,-0.07169246536604479,132,0.00093255825460569,0,cpu,constrained_regularized_mve,136,10.0,1.0,0.017851170741345363,0.013252995556362467,0.006788671212168556,0.0001,0.0010801200797424578,0.010144668806063725,1.690185754735134,0.15324055154242683,-0.07402586878662609,132,0.0009257486219653742,0,cpu,constrained_regularized_mve,96,10.0,0.01,96,0.014455409737735113,0.009313089233353255,0.0005155780834464755,0.01,0.0009429236719457223,0.010059131101041207,1.488045945256249,0.1325434280420671,-0.0806173269160455,132,0.0007911444941838205,0,cpu,constrained_regularized_mve
32,2018-07-02,2020-01-01,2020-07-01,2020-12-31,15,10.0,0.037352673366731336,0.025050836303582145,0.009579346876556386,0.0001,0.00018413318496681355,0.02893791925761356,0.10101015443429394,0.024226111286996862,-0.26949318875792005,130,-0.001071971571473429,0,cpu,constrained_regularized_mve,136,10.0,1.0,0.07128349379654735,0.047660022932451876,0.03735770286839579,0.001,-0.0004025987788528399,0.030513035187915486,-0.2094533514131878,-0.050991801438434216,-0.28818979676559564,130,-0.0017991667534212928,0,cpu,constrained_regularized_mve,96,10.0,0.2,96,0.03597013024017762,0.023364777459727353,0.0028385066838775494,0.001,-0.0012806074963866594,0.030657892469668206,-0.6630923438477601,-0.15335938223501178,-0.3093138224702542,130,-0.0026904670524092672,0,cpu,constrained_regularized_mve
33,2019-01-01,2020-07-01,2021-01-01,2021-06-30,15,10.0,0.020816750796123273,0.015124469695499555,-0.006277711369669711,0.01,0.0007927055912374046,0.013296060199882668,0.9464315710558091,0.11030764884446834,-0.1141605488556211,132,0.0005275277659790487,0,cpu,constrained_regularized_mve,135,10.0,0.0,0.025050011229182968,0.0183923146631484,-0.007177132713997354,0.01,0.0006336136408102248,0.01314895074992029,0.7649511293023391,0.08723415680774133,-0.12836100289382757,132,0.0003742712820744807,0,cpu,constrained_regularized_mve,96,10.0,0.01,96,0.019350112830581506,0.01368883452552035,0.0006278100470625585,0.001,0.0008197324519100271,0.013402415221374999,0.9709331520653963,0.11427579608596217,-0.1193623082516585,132,0.0005502953512608107,0,cpu,constrained_regularized_mve
34,2019-07-01,2021-01-01,2021-07-01,2021-12-31,15,10.0,0.017183500753960378,0.012440477887314503,0.0017552891167254198,1e-06,0.002070918895466573,0.012535781365108334,2.622478594612169,0.30623445674184274,-0.07403102299530628,129,0.001835200173815877,0,cpu,constrained_regularized_mve,135,10.0,0.0,0.02025920645589953,0.015170925971230813,-0.0016564270355948502,0.01,0.0015090345074081648,0.012372911299310166,1.9360989163348121,0.2149044739711492,-0.0804112881372232,129,0.001279401106377269,0,cpu,constrained_regularized_mve,96,10.0,0.01,96,0.016887628731883236,0.011802918222244687,-0.0005953978909916439,0.001,0.0018187134949981787,0.012246768518385829,2.3574530407519374,0.2644206598268188,-0.07655622861940348,129,0.0015937384862837894,0,cpu,constrained_regularized_mve
35,2020-01-01,2021-07-01,2022-01-03,2022-06-30,15,10.0,0.015291345612214437,0.010329611170225489,-0.0016648610911192635,0.01,0.0004320475156587279,0.01094109677098372,0.6268605268319016,0.05868785858015154,-0.11903777777265734,132,0.00025248611783068234,0,cpu,constrained_regularized_mve,135,10.0,0.0,0.01625638529181987,0.011755376547198139,-0.00023327558759496514,0.001,0.00027401269124476647,0.01079220593387773,0.4030516698166953,0.0368317562482851,-0.11428066158154448,132,9.930512786592794e-05,0,cpu,constrained_regularized_mve,96,10.0,0.01,96,0.01537033308319786,0.01030879643189554,-0.00034569091530101787,1e-06,0.0004321057008422446,0.01045960867788252,0.6558051604393071,0.05869598980442588,-0.11302209091495408,132,0.00026800058030059166,0,cpu,constrained_regularized_mve
36,2020-07-01,2022-01-03,2022-07-01,2022-12-30,15,10.0,0.02530641219433028,0.018746879787668553,-0.010205737932245197,0.001,-0.0005428875485040186,0.01767856615951906,-0.4874870835975843,-0.06763647658005525,-0.1770231297162802,129,-0.0010116851006887573,0,cpu,constrained_regularized_mve,136,10.0,1.0,0.034951846696399065,0.025389620948905588,-0.004148757021909025,0.01,-0.0008236632737149993,0.01656390920774748,-0.7893818393865353,-0.10080248400646782,-0.19694314262724366,129,-0.0012352079060787518,0,cpu,constrained_regularized_mve,96,10.0,0.05,96,0.023012987687444704,0.015310990388073143,0.0008947479492011399,1e-06,-0.001096298150501565,0.017650154164029718,-0.9860080230636283,-0.13187751403529063,-0.22998329463381517,129,-0.0015635900635225883,0,cpu,constrained_regularized_mve
37,2021-01-01,2022-07-01,2023-01-02,2023-06-30,15,10.0,0.019493393649963726,0.014111656037715645,-0.00617212112565499,1e-06,0.0015099923187999037,0.012276926437598845,1.9524744295577967,0.21872958663601527,-0.11527963403458996,131,0.0012839079346685836,0,cpu,constrained_regularized_mve,135,10.0,0.0,0.026052786035210124,0.020131786469027614,-0.006950855624127432,1e-06,0.001115120339406101,0.013354175112845422,1.3255769413150278,0.1572896521528213,-0.13747562125650692,131,0.0008476193499892909,0,cpu,constrained_regularized_mve,96,10.0,0.2,96,0.01891985013989919,0.0135883419134696,-0.0015526357777230937,0.01,0.001309539598876869,0.01299268678217113,1.5999998316162778,0.18714312738506889,-0.12833664404103096,131,0.0010563247341474624,0,cpu,constrained_regularized_mve
38,2021-07-01,2023-01-02,2023-07-03,2023-12-29,15,0.01,0.018575951752411096,0.012110805129018685,-0.0017260133467668869,0.01,0.0006453096320442944,0.01229278394367371,0.8333322115707326,0.0875095354430528,-0.14732132961520228,130,0.0004186408264155312,0,cpu,constrained_regularized_mve,135,10.0,0.0,0.024811468073809878,0.018051157580471273,0.008297758212524951,1e-06,0.0006864179007444967,0.013698668311433461,0.7954456679488355,0.0933368247555085,-0.16423385277372116,130,0.00040493763048448983,0,cpu,constrained_regularized_mve,96,10.0,0.05,96,0.01851467063971424,0.012410579163577438,0.0002883261438959228,0.01,0.0006388916469376807,0.012605963132344687,0.8045470519470806,0.08660256325614482,-0.15120211304184306,130,0.00040052618719663044,0,cpu,constrained_regularized_mve
39,2022-01-03,2023-07-03,2024-01-01,2024-06-28,15,0.01,0.014683898850173262,0.00964843089874576,-0.0006704806606183817,1e-06,0.0009348107735665885,0.009867921465856066,1.503828443498791,0.12921804833580025,-0.12439382263864163,130,0.0007887469624821341,0,cpu,constrained_regularized_mve,135,10.0,0.0,0.017922535100168755,0.013032432059557012,-0.00081355624955486,0.01,0.0010009937850491678,0.010074727253465884,1.5772420746677303,0.13897552040960756,-0.11268550175807157,130,0.0008487435912015754,0,cpu,constrained_regularized_mve,96,10.0,0.01,96,0.01468487461090364,0.009665717769480027,-0.001140581114299964,1e-06,0.0010537536843452343,0.00982292665010823,1.7029365836900523,0.1468143625418098,-0.10801032684838063,130,0.0009090188523851245,0,cpu,constrained_regularized_mve
40,2022-07-01,2024-01-01,2024-07-01,2024-12-31,15,10.0,0.014253461743550902,0.009585089770655976,-0.0008210475050030603,1e-06,0.001239402590380086,0.008490724090907979,2.317223591292764,0.17482868474522917,-0.055529857416265926,130,0.0011312639969981984,0,cpu,constrained_regularized_mve,136,10.0,1.0,0.015444487338312001,0.011631382263153049,0.0014497946069115277,0.01,0.001033740697213126,0.008310699743790388,1.9745779941064618,0.14383458690588144,-0.06377568578568626,130,0.0009301391018659696,0,cpu,constrained_regularized_mve,96,1.0,0.01,96,0.014193132914053736,0.009646298656637199,-2.6854492356867954e-05,1e-06,0.0012533744205127817,0.008547527059996719,2.3277729287430557,0.1769645097343729,-0.06560541758240657,130,0.0011437840922507176,0,cpu,constrained_regularized_mve
41,2023-01-02,2024-07-01,2025-01-02,2025-06-30,15,10.0,0.01690288613038637,0.010798907725627194,0.0024336492721818647,0.001,0.0007857801684203972,0.010154807100505502,1.22837128675935,0.10929311844442395,-0.0845175439063095,132,0.0006311000075476818,0,cpu,constrained_regularized_mve,135,10.0,0.0,0.029884753786987243,0.01578030856038697,0.007558578673681855,0.01,0.001037410506183529,0.010272749984986762,1.6031132136138264,0.14675726161219163,-0.07525491749062885,132,0.0008791164178024607,0,cpu,constrained_regularized_mve,96,10.0,0.01,96,0.016662169770774084,0.010412513254454296,0.0005256826585211962,0.0001,0.0009002508471530786,0.010684607390533058,1.3375352628788182,0.12618195615218622,-0.08362216565252212,132,0.0007290095945183281,0,cpu,constrained_regularized_mve
42,2023-07-03,2025-01-02,2025-07-01,2025-12-30,15,10.0,0.020019879468045558,0.01323077531021804,-0.0008048156622698521,1e-06,0.002807095083915531,0.014755245106173117,3.0200279745045995,0.4323381382703398,-0.1449551644460354,128,0.0024805191967006623,0,cpu,constrained_regularized_mve,136,10.0,1.0,0.026160513557660758,0.016414733745358207,0.0033823048317286487,0.01,0.0024065728139784385,0.014408782657727359,2.6513800627041153,0.36075721452113013,-0.15601193483943399,128,0.0020951532874620015,0,cpu,constrained_regularized_mve,96,10.0,0.05,96,0.020141283934521352,0.01318911690695023,-0.0006149643871523193,0.001,0.002340830539624289,0.014418847720202927,2.5771499592911304,0.3493544718241248,-0.1551989042504056,128,0.0020289757852566875,0,cpu,constrained_regularized_mve
